id,verificado,borrado,mensaje,timestamp
6a79ca6fe1c1a2d10f108231,true,true,"Borrado correctamente",2026-08-11T12:00:20.891190300
6a79ca7131bc64b96b5a05b3,true,true,"Borrado correctamente",2026-08-11T12:00:20.894189900
6a79ca736f0bad175d3214ca,true,true,"Borrado correctamente",2026-08-11T12:00:20.894189900
6a79ca75e1c1a2d10f108720,true,true,"Borrado correctamente",2026-08-11T12:00:20.894189900
6a79ca7831bc64b96b5a0b2e,true,true,"Borrado correctamente",2026-08-11T12:00:20.894189900
6a79ca786f0bad175d3219b7,true,true,"Borrado correctamente",2026-08-11T12:00:20.894189900
6a79ca7de1c1a2d10f108d42,true,true,"Borrado correctamente",2026-08-11T12:00:20.894189900
6a79ca7c6f0bad175d321d06,true,true,"Borrado correctamente",2026-08-11T12:00:20.895187200
6a79ca80e1c1a2d10f109347,true,true,"Borrado correctamente",2026-08-11T12:00:20.895187200
6a79ca81e1c1a2d10f10935e,true,true,"Borrado correctamente",2026-08-11T12:00:20.895187200
6a79ca836f0bad175d32248d,true,true,"Borrado correctamente",2026-08-11T12:00:20.895187200
6a79ca846f0bad175d32274d,true,true,"Borrado correctamente",2026-08-11T12:00:20.895187200
6a79ca8731bc64b96b5a1987,true,true,"Borrado correctamente",2026-08-11T12:00:20.895187200
6a79ca87e1c1a2d10f109a5a,true,true,"Borrado correctamente",2026-08-11T12:00:20.895187200
6a79ca8f6f0bad175d3230a9,true,true,"Borrado correctamente",2026-08-11T12:00:20.895187200
6a79ca8ee1c1a2d10f109d85,true,true,"Borrado correctamente",2026-08-11T12:00:20.895187200
6a79ca93e1c1a2d10f10a0d1,true,true,"Borrado correctamente",2026-08-11T12:00:20.895187200
6a79ca9031bc64b96b5a206a,true,true,"Borrado correctamente",2026-08-11T12:00:20.895187200
6a79ca9131bc64b96b5a236d,true,true,"Borrado correctamente",2026-08-11T12:00:20.895187200
6a79ca9731bc64b96b5a267b,true,true,"Borrado correctamente",2026-08-11T12:00:20.896187
6a79ca99e1c1a2d10f10a533,true,true,"Borrado correctamente",2026-08-11T12:00:20.896187
6a79ca9b31bc64b96b5a298b,true,true,"Borrado correctamente",2026-08-11T12:00:20.896187
6a79ca9b6f0bad175d323585,true,true,"Borrado correctamente",2026-08-11T12:00:20.896187
6a79ca9fe1c1a2d10f10a8d4,true,true,"Borrado correctamente",2026-08-11T12:00:20.896187
6a79caa031bc64b96b5a2c95,true,true,"Borrado correctamente",2026-08-11T12:00:20.896187
6a79caa16f0bad175d323cfb,true,true,"Borrado correctamente",2026-08-11T12:00:20.896187
6a79caa5e1c1a2d10f10b1d0,true,true,"Borrado correctamente",2026-08-11T12:00:20.896187
6a79caa7e1c1a2d10f10b683,true,true,"Borrado correctamente",2026-08-11T12:00:20.896187
6a79caa86f0bad175d3242c3,true,true,"Borrado correctamente",2026-08-11T12:00:20.896187
6a79caabe1c1a2d10f10bbf0,true,true,"Borrado correctamente",2026-08-11T12:00:20.896187
6a79caaa31bc64b96b5a3488,true,true,"Borrado correctamente",2026-08-11T12:00:20.896187
6a79caae6f0bad175d324a47,true,true,"Borrado correctamente",2026-08-11T12:00:20.896187
6a79cab2e1c1a2d10f10c49b,true,true,"Borrado correctamente",2026-08-11T12:00:20.896187
6a79cab46f0bad175d325505,true,true,"Borrado correctamente",2026-08-11T12:00:20.896187
6a79cab36f0bad175d325054,true,true,"Borrado correctamente",2026-08-11T12:00:20.896187
6a79cab631bc64b96b5a416e,true,true,"Borrado correctamente",2026-08-11T12:00:20.896187
6a79cab96f0bad175d325caa,true,true,"Borrado correctamente",2026-08-11T12:00:20.896187
6a79cab9e1c1a2d10f10f0ce,true,true,"Borrado correctamente",2026-08-11T12:00:20.896187
6a79cabce1c1a2d10f10f59c,true,true,"Borrado correctamente",2026-08-11T12:00:20.896187
6a79cabe31bc64b96b5a4859,true,true,"Borrado correctamente",2026-08-11T12:00:20.896187
6a79cac631bc64b96b5ab60f,true,true,"Borrado correctamente",2026-08-11T12:00:20.896187
6a79cac76f0bad175d3267e4,true,true,"Borrado correctamente",2026-08-11T12:00:20.896187
6a79cac56f0bad175d326324,true,true,"Borrado correctamente",2026-08-11T12:00:20.896187
6a79cac8e1c1a2d10f10fe2d,true,true,"Borrado correctamente",2026-08-11T12:00:20.896187
6a79cac931bc64b96b5abc7c,true,true,"Borrado correctamente",2026-08-11T12:00:20.896187
6a79cacae1c1a2d10f1102f1,true,true,"Borrado correctamente",2026-08-11T12:00:20.896187
6a79cacb31bc64b96b5ac218,true,true,"Borrado correctamente",2026-08-11T12:00:20.897188100
6a79cad06f0bad175d326f80,true,true,"Borrado correctamente",2026-08-11T12:00:20.897188100
6a79cad0e1c1a2d10f110a3f,true,true,"Borrado correctamente",2026-08-11T12:00:20.897188100
6a79cb5f6f0bad175d334822,true,true,"Borrado correctamente",2026-08-11T12:00:20.897188100
6a79cb62e1c1a2d10f11e070,true,true,"Borrado correctamente",2026-08-11T12:00:20.897188100
6a79cb676f0bad175d334eb1,true,true,"Borrado correctamente",2026-08-11T12:00:20.897188100
6a79cb6631bc64b96b5c02ce,true,true,"Borrado correctamente",2026-08-11T12:00:20.897188100
6a79cb69e1c1a2d10f11e703,true,true,"Borrado correctamente",2026-08-11T12:00:20.897188100
6a79cb6b6f0bad175d335474,true,true,"Borrado correctamente",2026-08-11T12:00:20.897188100
6a79cb6e31bc64b96b5c08c8,true,true,"Borrado correctamente",2026-08-11T12:00:20.897188100
6a79cb72e1c1a2d10f11eda3,true,true,"Borrado correctamente",2026-08-11T12:00:20.897188100
6a79cb7431bc64b96b5c0fde,true,true,"Borrado correctamente",2026-08-11T12:00:20.897188100
6a79cb756f0bad175d335a35,true,true,"Borrado correctamente",2026-08-11T12:00:20.897188100
6a79cb77e1c1a2d10f11f281,true,true,"Borrado correctamente",2026-08-11T12:00:20.897188100
6a79cb7a31bc64b96b5c14a2,true,true,"Borrado correctamente",2026-08-11T12:00:20.897188100
6a79cb7c6f0bad175d336243,true,true,"Borrado correctamente",2026-08-11T12:00:20.897188100
6a79cb7c6f0bad175d33650e,true,true,"Borrado correctamente",2026-08-11T12:00:20.897188100
6a79cb826f0bad175d33d485,true,true,"Borrado correctamente",2026-08-11T12:00:20.897188100
6a79cb81e1c1a2d10f11fbed,true,true,"Borrado correctamente",2026-08-11T12:00:20.897188100
6a79cb86e1c1a2d10f120647,true,true,"Borrado correctamente",2026-08-11T12:00:20.897188100
6a79cb836f0bad175d33d9f5,true,true,"Borrado correctamente",2026-08-11T12:00:20.897188100
6a79cb85e1c1a2d10f120611,true,true,"Borrado correctamente",2026-08-11T12:00:20.897188100
6a79cb8a31bc64b96b5c43bf,true,true,"Borrado correctamente",2026-08-11T12:00:20.897188100
6a79cb8a6f0bad175d33e150,true,true,"Borrado correctamente",2026-08-11T12:00:20.897188100
6a79cb8e31bc64b96b5c4998,true,true,"Borrado correctamente",2026-08-11T12:00:20.897188100
6a79cb8f6f0bad175d33e6f9,true,true,"Borrado correctamente",2026-08-11T12:00:20.897188100
6a79cb8ee1c1a2d10f120fd5,true,true,"Borrado correctamente",2026-08-11T12:00:20.897188100
6a79cb9131bc64b96b5c4e81,true,true,"Borrado correctamente",2026-08-11T12:00:20.897188100
6a79cb9431bc64b96b5c547b,true,true,"Borrado correctamente",2026-08-11T12:00:20.897188100
6a79cb9c6f0bad175d33ec13,true,true,"Borrado correctamente",2026-08-11T12:00:20.897188100
6a79cb9ae1c1a2d10f1216a3,true,true,"Borrado correctamente",2026-08-11T12:00:20.897188100
6a79cb9831bc64b96b5c5afe,true,true,"Borrado correctamente",2026-08-11T12:00:20.897188100
6a79cba16f0bad175d33f1c9,true,true,"Borrado correctamente",2026-08-11T12:00:20.897188100
6a79cba4e1c1a2d10f121cdb,true,true,"Borrado correctamente",2026-08-11T12:00:20.897188100
6a79cba531bc64b96b5c6a03,true,true,"Borrado correctamente",2026-08-11T12:00:20.898187600
6a79cba131bc64b96b5c6541,true,true,"Borrado correctamente",2026-08-11T12:00:20.898187600
6a79cba36f0bad175d33f684,true,true,"Borrado correctamente",2026-08-11T12:00:20.898187600
6a79cbab31bc64b96b5c7181,true,true,"Borrado correctamente",2026-08-11T12:00:20.898187600
6a79cbaa6f0bad175d33fe48,true,true,"Borrado correctamente",2026-08-11T12:00:20.898187600
6a79cbb0e1c1a2d10f122a7a,true,true,"Borrado correctamente",2026-08-11T12:00:20.898187600
6a79cbaf31bc64b96b5c751b,true,true,"Borrado correctamente",2026-08-11T12:00:20.898187600
6a79cbafe1c1a2d10f1227c5,true,true,"Borrado correctamente",2026-08-11T12:00:20.898187600
6a79cbb6e1c1a2d10f12339e,true,true,"Borrado correctamente",2026-08-11T12:00:20.898187600
6a79cbb831bc64b96b5c7b64,true,true,"Borrado correctamente",2026-08-11T12:00:20.898187600
6a79cbba6f0bad175d340680,true,true,"Borrado correctamente",2026-08-11T12:00:20.898187600
6a79cbba31bc64b96b5c8047,true,true,"Borrado correctamente",2026-08-11T12:00:20.898187600
6a79cbc0e1c1a2d10f129e4f,true,true,"Borrado correctamente",2026-08-11T12:00:20.898187600
6a79cbbd6f0bad175d340b51,true,true,"Borrado correctamente",2026-08-11T12:00:20.898187600
6a79cbbd31bc64b96b5c8560,true,true,"Borrado correctamente",2026-08-11T12:00:20.898187600
6a79cbc2e1c1a2d10f12a308,true,true,"Borrado correctamente",2026-08-11T12:00:20.898187600
6a79cbc331bc64b96b5c8c50,true,true,"Borrado correctamente",2026-08-11T12:00:20.898187600
6a79cbe46f0bad175d3481a4,true,true,"Borrado correctamente",2026-08-11T12:00:20.898187600
6a79cbe931bc64b96b5c977f,true,true,"Borrado correctamente",2026-08-11T12:00:20.898187600
6a79cbea31bc64b96b5c9a39,true,true,"Borrado correctamente",2026-08-11T12:00:20.898187600
6a79cbed6f0bad175d34f0cc,true,true,"Borrado correctamente",2026-08-11T12:00:20.898187600
6a79cbefe1c1a2d10f12aa74,true,true,"Borrado correctamente",2026-08-11T12:00:20.898187600
6a79cbf231bc64b96b5ca1dd,true,true,"Borrado correctamente",2026-08-11T12:00:20.898187600
6a79cbf26f0bad175d34f676,true,true,"Borrado correctamente",2026-08-11T12:00:20.898187600
6a79cbf2e1c1a2d10f12af39,true,true,"Borrado correctamente",2026-08-11T12:00:20.898187600
